,dataset_size_num,dataset_size,pyspark_time,pyspark_train_time,pyspark_predict_time,sklearn_time,sklearn_train_time,sklearn_predict_time
0,1,3606463,5.705399000000001,5.679153,0.026246,0.03934,0.036945,0.002395
1,10,36064333,5.296182,5.280164,0.016018,0.44254699999999997,0.431934,0.010613
