,dataset_size_num,dataset_size,pyspark,sklearn
0,100,360643033,32.118033,12.939806
1,200,721286033,57.931776,30.492174
2,300,1081929033,87.04421,48.940997
3,400,1442572033,119.676059,68.181633
4,500,1803215033,144.333678,91.299642
