,dataset_size_num,dataset_size,pyspark_time,pyspark_train_time,pyspark_predict_time,sklearn_time,sklearn_train_time,sklearn_predict_time
0,1,3606463,5.705399000000001,5.679153,0.026246,0.03934,0.036945,0.002395
1,10,36064333,5.296182,5.280164,0.016018,0.44254699999999997,0.431934,0.010613
2,20,72128633,6.681997,6.666873,0.015124,0.939434,0.919447,0.019987
3,30,108192933,9.998681999999999,9.98106,0.017622,1.574991,1.546295,0.028696
